company_id,company_name,date,checking_main_balance,checking_secondary_balance,consolidated_cash_balance
code_and_coffee,Code & Coffee GmbH,2022-01-01,12399.00,5403.00,17802.00
code_and_coffee,Code & Coffee GmbH,2022-01-02,13369.00,5403.00,18772.00
code_and_coffee,Code & Coffee GmbH,2022-01-03,14257.00,5403.00,19660.00
code_and_coffee,Code & Coffee GmbH,2022-01-04,14648.00,5403.00,20051.00
code_and_coffee,Code & Coffee GmbH,2022-01-05,15435.00,5403.00,20838.00
code_and_coffee,Code & Coffee GmbH,2022-01-06,16494.00,5403.00,21897.00
code_and_coffee,Code & Coffee GmbH,2022-01-07,16900.00,5403.00,22303.00
code_and_coffee,Code & Coffee GmbH,2022-01-08,14554.61,5403.00,19957.61
code_and_coffee,Code & Coffee GmbH,2022-01-09,15445.61,5403.00,20848.61
code_and_coffee,Code & Coffee GmbH,2022-01-10,15877.61,5403.00,21280.61
code_and_coffee,Code & Coffee GmbH,2022-01-11,16154.61,5403.00,21557.61
code_and_coffee,Code & Coffee GmbH,2022-01-12,17328.61,5403.00,22731.61
code_and_coffee,Code & Coffee GmbH,2022-01-13,17910.61,5403.00,23313.61
code_and_coffee,Code & Coffee GmbH,2022-01-14,18973.61,5403.00,24376.61
code_and_coffee,Code & Coffee GmbH,2022-01-15,18071.28,2715.00,20786.28
code_and_coffee,Code & Coffee GmbH,2022-01-16,19255.28,2715.00,21970.28
code_and_coffee,Code & Coffee GmbH,2022-01-17,19975.28,2715.00,22690.28
code_and_coffee,Code & Coffee GmbH,2022-01-18,20948.28,2715.00,23663.28
code_and_coffee,Code & Coffee GmbH,2022-01-19,21963.28,2715.00,24678.28
code_and_coffee,Code & Coffee GmbH,2022-01-20,22442.28,2715.00,25157.28
code_and_coffee,Code & Coffee GmbH,2022-01-21,23233.28,2715.00,25948.28
code_and_coffee,Code & Coffee GmbH,2022-01-22,22081.69,2715.00,24796.69
code_and_coffee,Code & Coffee GmbH,2022-01-23,22739.69,2715.00,25454.69
code_and_coffee,Code & Coffee GmbH,2022-01-24,22885.69,2715.00,25600.69
code_and_coffee,Code & Coffee GmbH,2022-01-25,23974.69,2715.00,26689.69
code_and_coffee,Code & Coffee GmbH,2022-01-26,24643.69,2715.00,27358.69
code_and_coffee,Code & Coffee GmbH,2022-01-27,25560.69,2715.00,28275.69
code_and_coffee,Code & Coffee GmbH,2022-01-28,26461.69,2715.00,29176.69
code_and_coffee,Code & Coffee GmbH,2022-01-29,27430.69,2715.00,30145.69
code_and_coffee,Code & Coffee GmbH,2022-01-30,28086.69,2715.00,30801.69
code_and_coffee,Code & Coffee GmbH,2022-01-31,28975.69,2715.00,31690.69
code_and_coffee,Code & Coffee GmbH,2022-02-01,24103.69,8494.00,32597.69
code_and_coffee,Code & Coffee GmbH,2022-02-02,25169.69,8494.00,33663.69
code_and_coffee,Code & Coffee GmbH,2022-02-03,26278.69,8494.00,34772.69
code_and_coffee,Code & Coffee GmbH,2022-02-04,27165.69,8494.00,35659.69
code_and_coffee,Code & Coffee GmbH,2022-02-05,27905.69,8494.00,36399.69
code_and_coffee,Code & Coffee GmbH,2022-02-06,28479.69,8494.00,36973.69
code_and_coffee,Code & Coffee GmbH,2022-02-07,29522.69,8494.00,38016.69
code_and_coffee,Code & Coffee GmbH,2022-02-08,27044.78,8494.00,35538.78
code_and_coffee,Code & Coffee GmbH,2022-02-09,27824.78,8494.00,36318.78
code_and_coffee,Code & Coffee GmbH,2022-02-10,28942.78,8494.00,37436.78
code_and_coffee,Code & Coffee GmbH,2022-02-11,29902.78,8494.00,38396.78
code_and_coffee,Code & Coffee GmbH,2022-02-12,30642.78,8494.00,39136.78
code_and_coffee,Code & Coffee GmbH,2022-02-13,31542.78,8494.00,40036.78
code_and_coffee,Code & Coffee GmbH,2022-02-14,32498.78,8494.00,40992.78
code_and_coffee,Code & Coffee GmbH,2022-02-15,29802.50,3278.00,33080.50
code_and_coffee,Code & Coffee GmbH,2022-02-16,30715.50,3278.00,33993.50
code_and_coffee,Code & Coffee GmbH,2022-02-17,31863.50,3278.00,35141.50
code_and_coffee,Code & Coffee GmbH,2022-02-18,32993.50,3278.00,36271.50
code_and_coffee,Code & Coffee GmbH,2022-02-19,34246.26,3278.00,37524.26
code_and_coffee,Code & Coffee GmbH,2022-02-20,35200.26,3278.00,38478.26
code_and_coffee,Code & Coffee GmbH,2022-02-21,36182.26,3278.00,39460.26
code_and_coffee,Code & Coffee GmbH,2022-02-22,34367.32,3278.00,37645.32
code_and_coffee,Code & Coffee GmbH,2022-02-23,34915.32,3278.00,38193.32
code_and_coffee,Code & Coffee GmbH,2022-02-24,35666.32,3278.00,38944.32
code_and_coffee,Code & Coffee GmbH,2022-02-25,36753.32,3278.00,40031.32
code_and_coffee,Code & Coffee GmbH,2022-02-26,37859.32,3278.00,41137.32
code_and_coffee,Code & Coffee GmbH,2022-02-27,38701.32,3278.00,41979.32
code_and_coffee,Code & Coffee GmbH,2022-02-28,39436.32,3278.00,42714.32
code_and_coffee,Code & Coffee GmbH,2022-03-01,34583.32,8857.00,43440.32
code_and_coffee,Code & Coffee GmbH,2022-03-02,35068.32,8857.00,43925.32
code_and_coffee,Code & Coffee GmbH,2022-03-03,35637.32,8857.00,44494.32
code_and_coffee,Code & Coffee GmbH,2022-03-04,36170.32,8857.00,45027.32
code_and_coffee,Code & Coffee GmbH,2022-03-05,36292.32,8857.00,45149.32
code_and_coffee,Code & Coffee GmbH,2022-03-06,36819.32,8857.00,45676.32
code_and_coffee,Code & Coffee GmbH,2022-03-07,37566.32,8857.00,46423.32
code_and_coffee,Code & Coffee GmbH,2022-03-08,35461.53,8857.00,44318.53
code_and_coffee,Code & Coffee GmbH,2022-03-09,35981.53,8857.00,44838.53
code_and_coffee,Code & Coffee GmbH,2022-03-10,36613.53,8857.00,45470.53
code_and_coffee,Code & Coffee GmbH,2022-03-11,37943.92,8857.00,46800.92
code_and_coffee,Code & Coffee GmbH,2022-03-12,38479.92,8857.00,47336.92
code_and_coffee,Code & Coffee GmbH,2022-03-13,38832.92,8857.00,47689.92
code_and_coffee,Code & Coffee GmbH,2022-03-14,39605.92,8857.00,48462.92
code_and_coffee,Code & Coffee GmbH,2022-03-15,37170.81,3629.00,40799.81
code_and_coffee,Code & Coffee GmbH,2022-03-16,38187.77,3629.00,41816.77
code_and_coffee,Code & Coffee GmbH,2022-03-17,38638.77,3629.00,42267.77
code_and_coffee,Code & Coffee GmbH,2022-03-18,39332.77,3629.00,42961.77
code_and_coffee,Code & Coffee GmbH,2022-03-19,39664.77,3629.00,43293.77
code_and_coffee,Code & Coffee GmbH,2022-03-20,40176.77,3629.00,43805.77
code_and_coffee,Code & Coffee GmbH,2022-03-21,40472.77,3629.00,44101.77
code_and_coffee,Code & Coffee GmbH,2022-03-22,39778.24,3629.00,43407.24
code_and_coffee,Code & Coffee GmbH,2022-03-23,40307.24,3629.00,43936.24
code_and_coffee,Code & Coffee GmbH,2022-03-24,40924.24,3629.00,44553.24
code_and_coffee,Code & Coffee GmbH,2022-03-25,41570.24,3629.00,45199.24
code_and_coffee,Code & Coffee GmbH,2022-03-26,42585.46,3629.00,46214.46
code_and_coffee,Code & Coffee GmbH,2022-03-27,43239.46,3629.00,46868.46
code_and_coffee,Code & Coffee GmbH,2022-03-28,43430.46,3629.00,47059.46
code_and_coffee,Code & Coffee GmbH,2022-03-29,44027.46,3629.00,47656.46
code_and_coffee,Code & Coffee GmbH,2022-03-30,44666.46,3629.00,48295.46
code_and_coffee,Code & Coffee GmbH,2022-03-31,45266.46,3629.00,48895.46
code_and_coffee,Code & Coffee GmbH,2022-04-01,41279.46,8341.00,49620.46
code_and_coffee,Code & Coffee GmbH,2022-04-02,41937.46,8341.00,50278.46
code_and_coffee,Code & Coffee GmbH,2022-04-03,42682.46,8341.00,51023.46
code_and_coffee,Code & Coffee GmbH,2022-04-04,42747.46,8341.00,51088.46
code_and_coffee,Code & Coffee GmbH,2022-04-05,43118.46,8341.00,51459.46
code_and_coffee,Code & Coffee GmbH,2022-04-06,43627.46,8341.00,51968.46
code_and_coffee,Code & Coffee GmbH,2022-04-07,44125.46,8341.00,52466.46
code_and_coffee,Code & Coffee GmbH,2022-04-08,42554.20,8341.00,50895.20
code_and_coffee,Code & Coffee GmbH,2022-04-09,43013.20,8341.00,51354.20
code_and_coffee,Code & Coffee GmbH,2022-04-10,43558.20,8341.00,51899.20
code_and_coffee,Code & Coffee GmbH,2022-04-11,43310.20,8341.00,51651.20
code_and_coffee,Code & Coffee GmbH,2022-04-12,43718.20,8341.00,52059.20
code_and_coffee,Code & Coffee GmbH,2022-04-13,44264.20,8341.00,52605.20
code_and_coffee,Code & Coffee GmbH,2022-04-14,44794.20,8341.00,53135.20
code_and_coffee,Code & Coffee GmbH,2022-04-15,41919.58,4248.00,46167.58
code_and_coffee,Code & Coffee GmbH,2022-04-16,42231.58,4248.00,46479.58
code_and_coffee,Code & Coffee GmbH,2022-04-17,42686.58,4248.00,46934.58
code_and_coffee,Code & Coffee GmbH,2022-04-18,43029.58,4248.00,47277.58
code_and_coffee,Code & Coffee GmbH,2022-04-19,43794.58,4248.00,48042.58
code_and_coffee,Code & Coffee GmbH,2022-04-20,44503.58,4248.00,48751.58
code_and_coffee,Code & Coffee GmbH,2022-04-21,44904.58,4248.00,49152.58
code_and_coffee,Code & Coffee GmbH,2022-04-22,44292.07,4248.00,48540.07
code_and_coffee,Code & Coffee GmbH,2022-04-23,45075.07,4248.00,49323.07
code_and_coffee,Code & Coffee GmbH,2022-04-24,45669.07,4248.00,49917.07
code_and_coffee,Code & Coffee GmbH,2022-04-25,46609.04,4248.00,50857.04
code_and_coffee,Code & Coffee GmbH,2022-04-26,47379.04,4248.00,51627.04
code_and_coffee,Code & Coffee GmbH,2022-04-27,47800.04,4248.00,52048.04
code_and_coffee,Code & Coffee GmbH,2022-04-28,48237.04,4248.00,52485.04
code_and_coffee,Code & Coffee GmbH,2022-04-29,48687.04,4248.00,52935.04
code_and_coffee,Code & Coffee GmbH,2022-04-30,49369.04,4248.00,53617.04
code_and_coffee,Code & Coffee GmbH,2022-05-01,45772.04,8521.00,54293.04
code_and_coffee,Code & Coffee GmbH,2022-05-02,46039.04,8521.00,54560.04
code_and_coffee,Code & Coffee GmbH,2022-05-03,46755.04,8521.00,55276.04
code_and_coffee,Code & Coffee GmbH,2022-05-04,47010.04,8521.00,55531.04
code_and_coffee,Code & Coffee GmbH,2022-05-05,47581.04,8521.00,56102.04
code_and_coffee,Code & Coffee GmbH,2022-05-06,48560.59,8521.00,57081.59
code_and_coffee,Code & Coffee GmbH,2022-05-07,49058.59,8521.00,57579.59
code_and_coffee,Code & Coffee GmbH,2022-05-08,47317.18,8521.00,55838.18
code_and_coffee,Code & Coffee GmbH,2022-05-09,48018.18,8521.00,56539.18
code_and_coffee,Code & Coffee GmbH,2022-05-10,48516.18,8521.00,57037.18
code_and_coffee,Code & Coffee GmbH,2022-05-11,49031.18,8521.00,57552.18
code_and_coffee,Code & Coffee GmbH,2022-05-12,49591.18,8521.00,58112.18
code_and_coffee,Code & Coffee GmbH,2022-05-13,50118.18,8521.00,58639.18
code_and_coffee,Code & Coffee GmbH,2022-05-14,50740.18,8521.00,59261.18
code_and_coffee,Code & Coffee GmbH,2022-05-15,47135.51,4564.00,51699.51
code_and_coffee,Code & Coffee GmbH,2022-05-16,47814.51,4564.00,52378.51
code_and_coffee,Code & Coffee GmbH,2022-05-17,48555.51,4564.00,53119.51
code_and_coffee,Code & Coffee GmbH,2022-05-18,49081.51,4564.00,53645.51
code_and_coffee,Code & Coffee GmbH,2022-05-19,50635.43,4564.00,55199.43
code_and_coffee,Code & Coffee GmbH,2022-05-20,51138.43,4564.00,55702.43
code_and_coffee,Code & Coffee GmbH,2022-05-21,51836.43,4564.00,56400.43
code_and_coffee,Code & Coffee GmbH,2022-05-22,50822.82,4564.00,55386.82
code_and_coffee,Code & Coffee GmbH,2022-05-23,50961.82,4564.00,55525.82
code_and_coffee,Code & Coffee GmbH,2022-05-24,51666.82,4564.00,56230.82
code_and_coffee,Code & Coffee GmbH,2022-05-25,51588.82,4564.00,56152.82
code_and_coffee,Code & Coffee GmbH,2022-05-26,52023.82,4564.00,56587.82
code_and_coffee,Code & Coffee GmbH,2022-05-27,52244.82,4564.00,56808.82
code_and_coffee,Code & Coffee GmbH,2022-05-28,53014.82,4564.00,57578.82
code_and_coffee,Code & Coffee GmbH,2022-05-29,53505.82,4564.00,58069.82
code_and_coffee,Code & Coffee GmbH,2022-05-30,54192.82,4564.00,58756.82
code_and_coffee,Code & Coffee GmbH,2022-05-31,55410.25,4564.00,59974.25
code_and_coffee,Code & Coffee GmbH,2022-06-01,50082.25,10477.00,60559.25
code_and_coffee,Code & Coffee GmbH,2022-06-02,50606.25,10477.00,61083.25
code_and_coffee,Code & Coffee GmbH,2022-06-03,50784.25,10477.00,61261.25
code_and_coffee,Code & Coffee GmbH,2022-06-04,51509.25,10477.00,61986.25
code_and_coffee,Code & Coffee GmbH,2022-06-05,52009.25,10477.00,62486.25
code_and_coffee,Code & Coffee GmbH,2022-06-06,51910.25,10477.00,62387.25
code_and_coffee,Code & Coffee GmbH,2022-06-07,52417.25,10477.00,62894.25
code_and_coffee,Code & Coffee GmbH,2022-06-08,50920.52,10477.00,61397.52
code_and_coffee,Code & Coffee GmbH,2022-06-09,51691.52,10477.00,62168.52
code_and_coffee,Code & Coffee GmbH,2022-06-10,52445.52,10477.00,62922.52
code_and_coffee,Code & Coffee GmbH,2022-06-11,52683.52,10477.00,63160.52
code_and_coffee,Code & Coffee GmbH,2022-06-12,53188.52,10477.00,63665.52
code_and_coffee,Code & Coffee GmbH,2022-06-13,53340.52,10477.00,63817.52
code_and_coffee,Code & Coffee GmbH,2022-06-14,54325.22,10477.00,64802.22
code_and_coffee,Code & Coffee GmbH,2022-06-15,51898.15,5275.00,57173.15
code_and_coffee,Code & Coffee GmbH,2022-06-16,52693.15,5275.00,57968.15
code_and_coffee,Code & Coffee GmbH,2022-06-17,53150.15,5275.00,58425.15
code_and_coffee,Code & Coffee GmbH,2022-06-18,53788.15,5275.00,59063.15
code_and_coffee,Code & Coffee GmbH,2022-06-19,54125.15,5275.00,59400.15
code_and_coffee,Code & Coffee GmbH,2022-06-20,54897.15,5275.00,60172.15
code_and_coffee,Code & Coffee GmbH,2022-06-21,55485.15,5275.00,60760.15
code_and_coffee,Code & Coffee GmbH,2022-06-22,54558.67,5275.00,59833.67
code_and_coffee,Code & Coffee GmbH,2022-06-23,55812.21,5275.00,61087.21
code_and_coffee,Code & Coffee GmbH,2022-06-24,55978.21,5275.00,61253.21
code_and_coffee,Code & Coffee GmbH,2022-06-25,56087.21,5275.00,61362.21
code_and_coffee,Code & Coffee GmbH,2022-06-26,56250.21,5275.00,61525.21
code_and_coffee,Code & Coffee GmbH,2022-06-27,56938.21,5275.00,62213.21
code_and_coffee,Code & Coffee GmbH,2022-06-28,57694.21,5275.00,62969.21
code_and_coffee,Code & Coffee GmbH,2022-06-29,58103.21,5275.00,63378.21
code_and_coffee,Code & Coffee GmbH,2022-06-30,58280.21,5275.00,63555.21
code_and_coffee,Code & Coffee GmbH,2022-07-01,53404.21,10900.00,64304.21
code_and_coffee,Code & Coffee GmbH,2022-07-02,53999.21,10900.00,64899.21
code_and_coffee,Code & Coffee GmbH,2022-07-03,54823.21,10900.00,65723.21
code_and_coffee,Code & Coffee GmbH,2022-07-04,54992.21,10900.00,65892.21
code_and_coffee,Code & Coffee GmbH,2022-07-05,55988.21,10900.00,66888.21
code_and_coffee,Code & Coffee GmbH,2022-07-06,56647.21,10900.00,67547.21
code_and_coffee,Code & Coffee GmbH,2022-07-07,57298.21,10900.00,68198.21
code_and_coffee,Code & Coffee GmbH,2022-07-08,55233.22,10900.00,66133.22
code_and_coffee,Code & Coffee GmbH,2022-07-09,56677.24,10900.00,67577.24
code_and_coffee,Code & Coffee GmbH,2022-07-10,57603.24,10900.00,68503.24
code_and_coffee,Code & Coffee GmbH,2022-07-11,58425.24,10900.00,69325.24
code_and_coffee,Code & Coffee GmbH,2022-07-12,59092.24,10900.00,69992.24
code_and_coffee,Code & Coffee GmbH,2022-07-13,59635.24,10900.00,70535.24
code_and_coffee,Code & Coffee GmbH,2022-07-14,59661.24,10900.00,70561.24
code_and_coffee,Code & Coffee GmbH,2022-07-15,57440.24,5809.00,63249.24
code_and_coffee,Code & Coffee GmbH,2022-07-16,57791.24,5809.00,63600.24
code_and_coffee,Code & Coffee GmbH,2022-07-17,58700.24,5809.00,64509.24
code_and_coffee,Code & Coffee GmbH,2022-07-18,59617.24,5809.00,65426.24
code_and_coffee,Code & Coffee GmbH,2022-07-19,60294.24,5809.00,66103.24
code_and_coffee,Code & Coffee GmbH,2022-07-20,60868.24,5809.00,66677.24
code_and_coffee,Code & Coffee GmbH,2022-07-21,62492.68,5809.00,68301.68
code_and_coffee,Code & Coffee GmbH,2022-07-22,61422.69,5809.00,67231.69
code_and_coffee,Code & Coffee GmbH,2022-07-23,62278.69,5809.00,68087.69
code_and_coffee,Code & Coffee GmbH,2022-07-24,62969.69,5809.00,68778.69
code_and_coffee,Code & Coffee GmbH,2022-07-25,63567.69,5809.00,69376.69
code_and_coffee,Code & Coffee GmbH,2022-07-26,64532.69,5809.00,70341.69
code_and_coffee,Code & Coffee GmbH,2022-07-27,65127.69,5809.00,70936.69
code_and_coffee,Code & Coffee GmbH,2022-07-28,65816.69,5809.00,71625.69
code_and_coffee,Code & Coffee GmbH,2022-07-29,66583.69,5809.00,72392.69
code_and_coffee,Code & Coffee GmbH,2022-07-30,67095.69,5809.00,72904.69
code_and_coffee,Code & Coffee GmbH,2022-07-31,67577.69,5809.00,73386.69
code_and_coffee,Code & Coffee GmbH,2022-08-01,62923.69,10250.00,73173.69
code_and_coffee,Code & Coffee GmbH,2022-08-02,63639.69,10250.00,73889.69
code_and_coffee,Code & Coffee GmbH,2022-08-03,64126.69,10250.00,74376.69
code_and_coffee,Code & Coffee GmbH,2022-08-04,65070.69,10250.00,75320.69
code_and_coffee,Code & Coffee GmbH,2022-08-05,65645.69,10250.00,75895.69
code_and_coffee,Code & Coffee GmbH,2022-08-06,66428.69,10250.00,76678.69
code_and_coffee,Code & Coffee GmbH,2022-08-07,67311.69,10250.00,77561.69
code_and_coffee,Code & Coffee GmbH,2022-08-08,65328.59,10250.00,75578.59
code_and_coffee,Code & Coffee GmbH,2022-08-09,66223.59,10250.00,76473.59
code_and_coffee,Code & Coffee GmbH,2022-08-10,67101.59,10250.00,77351.59
code_and_coffee,Code & Coffee GmbH,2022-08-11,67653.59,10250.00,77903.59
code_and_coffee,Code & Coffee GmbH,2022-08-12,67929.59,10250.00,78179.59
code_and_coffee,Code & Coffee GmbH,2022-08-13,68292.59,10250.00,78542.59
code_and_coffee,Code & Coffee GmbH,2022-08-14,68924.59,10250.00,79174.59
code_and_coffee,Code & Coffee GmbH,2022-08-15,65280.09,6303.00,71583.09
code_and_coffee,Code & Coffee GmbH,2022-08-16,65925.09,6303.00,72228.09
code_and_coffee,Code & Coffee GmbH,2022-08-17,66433.09,6303.00,72736.09
code_and_coffee,Code & Coffee GmbH,2022-08-18,67424.09,6303.00,73727.09
code_and_coffee,Code & Coffee GmbH,2022-08-19,67913.09,6303.00,74216.09
code_and_coffee,Code & Coffee GmbH,2022-08-20,68805.09,6303.00,75108.09
code_and_coffee,Code & Coffee GmbH,2022-08-21,69298.09,6303.00,75601.09
code_and_coffee,Code & Coffee GmbH,2022-08-22,68431.69,6303.00,74734.69
code_and_coffee,Code & Coffee GmbH,2022-08-23,69426.69,6303.00,75729.69
code_and_coffee,Code & Coffee GmbH,2022-08-24,70267.69,6303.00,76570.69
code_and_coffee,Code & Coffee GmbH,2022-08-25,71093.69,6303.00,77396.69
code_and_coffee,Code & Coffee GmbH,2022-08-26,71724.69,6303.00,78027.69
code_and_coffee,Code & Coffee GmbH,2022-08-27,72751.38,6303.00,79054.38
code_and_coffee,Code & Coffee GmbH,2022-08-28,73452.38,6303.00,79755.38
code_and_coffee,Code & Coffee GmbH,2022-08-29,73990.38,6303.00,80293.38
code_and_coffee,Code & Coffee GmbH,2022-08-30,74343.38,6303.00,80646.38
code_and_coffee,Code & Coffee GmbH,2022-08-31,74574.38,6303.00,80877.38
code_and_coffee,Code & Coffee GmbH,2022-09-01,71942.38,10057.00,81999.38
code_and_coffee,Code & Coffee GmbH,2022-09-02,73102.38,10057.00,83159.38
code_and_coffee,Code & Coffee GmbH,2022-09-03,74811.76,10057.00,84868.76
code_and_coffee,Code & Coffee GmbH,2022-09-04,75919.76,10057.00,85976.76
code_and_coffee,Code & Coffee GmbH,2022-09-05,77040.76,10057.00,87097.76
code_and_coffee,Code & Coffee GmbH,2022-09-06,77538.76,10057.00,87595.76
code_and_coffee,Code & Coffee GmbH,2022-09-07,78554.76,10057.00,88611.76
code_and_coffee,Code & Coffee GmbH,2022-09-08,75883.82,10057.00,85940.82
code_and_coffee,Code & Coffee GmbH,2022-09-09,76785.82,10057.00,86842.82
code_and_coffee,Code & Coffee GmbH,2022-09-10,77648.82,10057.00,87705.82
code_and_coffee,Code & Coffee GmbH,2022-09-11,78221.82,10057.00,88278.82
code_and_coffee,Code & Coffee GmbH,2022-09-12,79225.82,10057.00,89282.82
code_and_coffee,Code & Coffee GmbH,2022-09-13,81206.99,10057.00,91263.99
code_and_coffee,Code & Coffee GmbH,2022-09-14,81959.99,10057.00,92016.99
code_and_coffee,Code & Coffee GmbH,2022-09-15,77240.36,6873.00,84113.36
code_and_coffee,Code & Coffee GmbH,2022-09-16,78398.36,6873.00,85271.36
code_and_coffee,Code & Coffee GmbH,2022-09-17,78864.36,6873.00,85737.36
code_and_coffee,Code & Coffee GmbH,2022-09-18,79971.36,6873.00,86844.36
code_and_coffee,Code & Coffee GmbH,2022-09-19,80415.36,6873.00,87288.36
code_and_coffee,Code & Coffee GmbH,2022-09-20,81250.36,6873.00,88123.36
code_and_coffee,Code & Coffee GmbH,2022-09-21,82127.36,6873.00,89000.36
code_and_coffee,Code & Coffee GmbH,2022-09-22,81417.64,6873.00,88290.64
code_and_coffee,Code & Coffee GmbH,2022-09-23,82308.64,6873.00,89181.64
code_and_coffee,Code & Coffee GmbH,2022-09-24,83454.64,6873.00,90327.64
code_and_coffee,Code & Coffee GmbH,2022-09-25,84570.64,6873.00,91443.64
code_and_coffee,Code & Coffee GmbH,2022-09-26,85730.64,6873.00,92603.64
code_and_coffee,Code & Coffee GmbH,2022-09-27,86708.64,6873.00,93581.64
code_and_coffee,Code & Coffee GmbH,2022-09-28,88173.36,6873.00,95046.36
code_and_coffee,Code & Coffee GmbH,2022-09-29,89128.36,6873.00,96001.36
code_and_coffee,Code & Coffee GmbH,2022-09-30,90236.36,6873.00,97109.36
code_and_coffee,Code & Coffee GmbH,2022-10-01,88062.36,10058.00,98120.36
code_and_coffee,Code & Coffee GmbH,2022-10-02,88794.36,10058.00,98852.36
code_and_coffee,Code & Coffee GmbH,2022-10-03,89867.36,10058.00,99925.36
code_and_coffee,Code & Coffee GmbH,2022-10-04,90790.36,10058.00,100848.36
code_and_coffee,Code & Coffee GmbH,2022-10-05,91756.36,10058.00,101814.36
code_and_coffee,Code & Coffee GmbH,2022-10-06,92518.36,10058.00,102576.36
code_and_coffee,Code & Coffee GmbH,2022-10-07,93532.36,10058.00,103590.36
code_and_coffee,Code & Coffee GmbH,2022-10-08,90917.17,10058.00,100975.17
code_and_coffee,Code & Coffee GmbH,2022-10-09,91591.17,10058.00,101649.17
code_and_coffee,Code & Coffee GmbH,2022-10-10,92059.17,10058.00,102117.17
code_and_coffee,Code & Coffee GmbH,2022-10-11,92891.17,10058.00,102949.17
code_and_coffee,Code & Coffee GmbH,2022-10-12,94027.17,10058.00,104085.17
code_and_coffee,Code & Coffee GmbH,2022-10-13,94779.17,10058.00,104837.17
code_and_coffee,Code & Coffee GmbH,2022-10-14,95936.17,10058.00,105994.17
code_and_coffee,Code & Coffee GmbH,2022-10-15,90491.17,7318.00,97809.17
code_and_coffee,Code & Coffee GmbH,2022-10-16,92336.67,7318.00,99654.67
code_and_coffee,Code & Coffee GmbH,2022-10-17,93006.67,7318.00,100324.67
code_and_coffee,Code & Coffee GmbH,2022-10-18,94151.67,7318.00,101469.67
code_and_coffee,Code & Coffee GmbH,2022-10-19,95338.67,7318.00,102656.67
code_and_coffee,Code & Coffee GmbH,2022-10-20,96385.67,7318.00,103703.67
code_and_coffee,Code & Coffee GmbH,2022-10-21,97123.67,7318.00,104441.67
code_and_coffee,Code & Coffee GmbH,2022-10-22,95603.87,7318.00,102921.87
code_and_coffee,Code & Coffee GmbH,2022-10-23,96561.87,7318.00,103879.87
code_and_coffee,Code & Coffee GmbH,2022-10-24,97528.87,7318.00,104846.87
code_and_coffee,Code & Coffee GmbH,2022-10-25,98463.87,7318.00,105781.87
code_and_coffee,Code & Coffee GmbH,2022-10-26,99384.87,7318.00,106702.87
code_and_coffee,Code & Coffee GmbH,2022-10-27,100082.87,7318.00,107400.87
code_and_coffee,Code & Coffee GmbH,2022-10-28,101122.87,7318.00,108440.87
code_and_coffee,Code & Coffee GmbH,2022-10-29,101896.87,7318.00,109214.87
code_and_coffee,Code & Coffee GmbH,2022-10-30,103017.87,7318.00,110335.87
code_and_coffee,Code & Coffee GmbH,2022-10-31,103942.87,7318.00,111260.87
code_and_coffee,Code & Coffee GmbH,2022-11-01,101103.87,10954.00,112057.87
code_and_coffee,Code & Coffee GmbH,2022-11-02,102137.87,10954.00,113091.87
code_and_coffee,Code & Coffee GmbH,2022-11-03,103283.87,10954.00,114237.87
code_and_coffee,Code & Coffee GmbH,2022-11-04,104231.87,10954.00,115185.87
code_and_coffee,Code & Coffee GmbH,2022-11-05,105402.87,10954.00,116356.87
code_and_coffee,Code & Coffee GmbH,2022-11-06,106131.87,10954.00,117085.87
code_and_coffee,Code & Coffee GmbH,2022-11-07,106881.87,10954.00,117835.87
code_and_coffee,Code & Coffee GmbH,2022-11-08,104250.31,10954.00,115204.31
code_and_coffee,Code & Coffee GmbH,2022-11-09,105279.31,10954.00,116233.31
code_and_coffee,Code & Coffee GmbH,2022-11-10,106318.31,10954.00,117272.31
code_and_coffee,Code & Coffee GmbH,2022-11-11,107051.31,10954.00,118005.31
code_and_coffee,Code & Coffee GmbH,2022-11-12,108200.31,10954.00,119154.31
code_and_coffee,Code & Coffee GmbH,2022-11-13,109134.31,10954.00,120088.31
code_and_coffee,Code & Coffee GmbH,2022-11-14,109944.31,10954.00,120898.31
code_and_coffee,Code & Coffee GmbH,2022-11-15,105329.89,7785.00,113114.89
code_and_coffee,Code & Coffee GmbH,2022-11-16,106133.89,7785.00,113918.89
code_and_coffee,Code & Coffee GmbH,2022-11-17,107027.89,7785.00,114812.89
code_and_coffee,Code & Coffee GmbH,2022-11-18,107881.89,7785.00,115666.89
code_and_coffee,Code & Coffee GmbH,2022-11-19,109014.89,7785.00,116799.89
code_and_coffee,Code & Coffee GmbH,2022-11-20,109660.89,7785.00,117445.89
code_and_coffee,Code & Coffee GmbH,2022-11-21,110451.89,7785.00,118236.89
code_and_coffee,Code & Coffee GmbH,2022-11-22,108851.18,7785.00,116636.18
code_and_coffee,Code & Coffee GmbH,2022-11-23,109783.18,7785.00,117568.18
code_and_coffee,Code & Coffee GmbH,2022-11-24,110528.18,7785.00,118313.18
code_and_coffee,Code & Coffee GmbH,2022-11-25,111305.18,7785.00,119090.18
code_and_coffee,Code & Coffee GmbH,2022-11-26,112067.18,7785.00,119852.18
code_and_coffee,Code & Coffee GmbH,2022-11-27,112531.18,7785.00,120316.18
code_and_coffee,Code & Coffee GmbH,2022-11-28,113549.18,7785.00,121334.18
code_and_coffee,Code & Coffee GmbH,2022-11-29,114585.18,7785.00,122370.18
code_and_coffee,Code & Coffee GmbH,2022-11-30,115766.77,7785.00,123551.77
code_and_coffee,Code & Coffee GmbH,2022-12-01,113116.77,11314.00,124430.77
code_and_coffee,Code & Coffee GmbH,2022-12-02,114729.14,11314.00,126043.14
code_and_coffee,Code & Coffee GmbH,2022-12-03,115442.14,11314.00,126756.14
code_and_coffee,Code & Coffee GmbH,2022-12-04,116612.14,11314.00,127926.14
code_and_coffee,Code & Coffee GmbH,2022-12-05,117381.14,11314.00,128695.14
code_and_coffee,Code & Coffee GmbH,2022-12-06,117624.14,11314.00,128938.14
code_and_coffee,Code & Coffee GmbH,2022-12-07,118434.14,11314.00,129748.14
code_and_coffee,Code & Coffee GmbH,2022-12-08,116168.28,11314.00,127482.28
code_and_coffee,Code & Coffee GmbH,2022-12-09,117360.28,11314.00,128674.28
code_and_coffee,Code & Coffee GmbH,2022-12-10,118353.28,11314.00,129667.28
code_and_coffee,Code & Coffee GmbH,2022-12-11,118849.28,11314.00,130163.28
code_and_coffee,Code & Coffee GmbH,2022-12-12,119204.28,11314.00,130518.28
code_and_coffee,Code & Coffee GmbH,2022-12-13,119785.28,11314.00,131099.28
code_and_coffee,Code & Coffee GmbH,2022-12-14,120696.28,11314.00,132010.28
code_and_coffee,Code & Coffee GmbH,2022-12-15,115629.47,8536.00,124165.47
code_and_coffee,Code & Coffee GmbH,2022-12-16,116437.47,8536.00,124973.47
code_and_coffee,Code & Coffee GmbH,2022-12-17,117364.47,8536.00,125900.47
code_and_coffee,Code & Coffee GmbH,2022-12-18,118097.47,8536.00,126633.47
code_and_coffee,Code & Coffee GmbH,2022-12-19,119220.47,8536.00,127756.47
code_and_coffee,Code & Coffee GmbH,2022-12-20,120002.47,8536.00,128538.47
code_and_coffee,Code & Coffee GmbH,2022-12-21,121677.86,8536.00,130213.86
code_and_coffee,Code & Coffee GmbH,2022-12-22,120440.28,8536.00,128976.28
code_and_coffee,Code & Coffee GmbH,2022-12-23,121582.28,8536.00,130118.28
code_and_coffee,Code & Coffee GmbH,2022-12-24,122646.28,8536.00,131182.28
code_and_coffee,Code & Coffee GmbH,2022-12-25,123722.28,8536.00,132258.28
code_and_coffee,Code & Coffee GmbH,2022-12-26,123999.28,8536.00,132535.28
code_and_coffee,Code & Coffee GmbH,2022-12-27,124768.28,8536.00,133304.28
code_and_coffee,Code & Coffee GmbH,2022-12-28,125471.28,8536.00,134007.28
code_and_coffee,Code & Coffee GmbH,2022-12-29,126616.28,8536.00,135152.28
code_and_coffee,Code & Coffee GmbH,2022-12-30,127174.28,8536.00,135710.28
code_and_coffee,Code & Coffee GmbH,2022-12-31,127788.28,8536.00,136324.28
code_and_coffee,Code & Coffee GmbH,2023-01-01,123406.28,13604.00,137010.28
code_and_coffee,Code & Coffee GmbH,2023-01-02,124325.28,13604.00,137929.28
code_and_coffee,Code & Coffee GmbH,2023-01-03,125359.28,13604.00,138963.28
code_and_coffee,Code & Coffee GmbH,2023-01-04,126427.28,13604.00,140031.28
code_and_coffee,Code & Coffee GmbH,2023-01-05,127612.28,13604.00,141216.28
code_and_coffee,Code & Coffee GmbH,2023-01-06,128752.28,13604.00,142356.28
code_and_coffee,Code & Coffee GmbH,2023-01-07,129654.28,13604.00,143258.28
code_and_coffee,Code & Coffee GmbH,2023-01-08,127237.74,13604.00,140841.74
code_and_coffee,Code & Coffee GmbH,2023-01-09,127852.74,13604.00,141456.74
code_and_coffee,Code & Coffee GmbH,2023-01-10,129279.03,13604.00,142883.03
code_and_coffee,Code & Coffee GmbH,2023-01-11,129929.03,13604.00,143533.03
code_and_coffee,Code & Coffee GmbH,2023-01-12,130555.03,13604.00,144159.03
code_and_coffee,Code & Coffee GmbH,2023-01-13,131745.03,13604.00,145349.03
code_and_coffee,Code & Coffee GmbH,2023-01-14,132834.03,13604.00,146438.03
code_and_coffee,Code & Coffee GmbH,2023-01-15,129005.51,9255.00,138260.51
code_and_coffee,Code & Coffee GmbH,2023-01-16,130625.60,9255.00,139880.60
code_and_coffee,Code & Coffee GmbH,2023-01-17,131337.60,9255.00,140592.60
code_and_coffee,Code & Coffee GmbH,2023-01-18,132120.60,9255.00,141375.60
code_and_coffee,Code & Coffee GmbH,2023-01-19,132556.60,9255.00,141811.60
code_and_coffee,Code & Coffee GmbH,2023-01-20,133654.60,9255.00,142909.60
code_and_coffee,Code & Coffee GmbH,2023-01-21,134772.60,9255.00,144027.60
code_and_coffee,Code & Coffee GmbH,2023-01-22,133409.58,9255.00,142664.58
code_and_coffee,Code & Coffee GmbH,2023-01-23,133894.58,9255.00,143149.58
code_and_coffee,Code & Coffee GmbH,2023-01-24,134927.58,9255.00,144182.58
code_and_coffee,Code & Coffee GmbH,2023-01-25,136085.58,9255.00,145340.58
code_and_coffee,Code & Coffee GmbH,2023-01-26,136860.58,9255.00,146115.58
code_and_coffee,Code & Coffee GmbH,2023-01-27,137560.58,9255.00,146815.58
code_and_coffee,Code & Coffee GmbH,2023-01-28,138837.73,9255.00,148092.73
code_and_coffee,Code & Coffee GmbH,2023-01-29,139897.73,9255.00,149152.73
code_and_coffee,Code & Coffee GmbH,2023-01-30,140242.73,9255.00,149497.73
code_and_coffee,Code & Coffee GmbH,2023-01-31,140946.73,9255.00,150201.73
code_and_coffee,Code & Coffee GmbH,2023-02-01,136576.73,14402.00,150978.73
code_and_coffee,Code & Coffee GmbH,2023-02-02,137407.73,14402.00,151809.73
code_and_coffee,Code & Coffee GmbH,2023-02-03,138148.73,14402.00,152550.73
code_and_coffee,Code & Coffee GmbH,2023-02-04,139143.73,14402.00,153545.73
code_and_coffee,Code & Coffee GmbH,2023-02-05,139946.73,14402.00,154348.73
code_and_coffee,Code & Coffee GmbH,2023-02-06,140824.73,14402.00,155226.73
code_and_coffee,Code & Coffee GmbH,2023-02-07,141876.73,14402.00,156278.73
code_and_coffee,Code & Coffee GmbH,2023-02-08,139736.79,14402.00,154138.79
code_and_coffee,Code & Coffee GmbH,2023-02-09,140580.79,14402.00,154982.79
code_and_coffee,Code & Coffee GmbH,2023-02-10,141729.79,14402.00,156131.79
code_and_coffee,Code & Coffee GmbH,2023-02-11,142532.79,14402.00,156934.79
code_and_coffee,Code & Coffee GmbH,2023-02-12,143037.79,14402.00,157439.79
code_and_coffee,Code & Coffee GmbH,2023-02-13,144127.79,14402.00,158529.79
code_and_coffee,Code & Coffee GmbH,2023-02-14,136254.79,14402.00,150656.79
code_and_coffee,Code & Coffee GmbH,2023-02-15,133105.16,9932.00,143037.16
code_and_coffee,Code & Coffee GmbH,2023-02-16,134448.43,9932.00,144380.43
code_and_coffee,Code & Coffee GmbH,2023-02-17,135108.43,9932.00,145040.43
code_and_coffee,Code & Coffee GmbH,2023-02-18,136292.43,9932.00,146224.43
code_and_coffee,Code & Coffee GmbH,2023-02-19,137095.43,9932.00,147027.43
code_and_coffee,Code & Coffee GmbH,2023-02-20,137804.43,9932.00,147736.43
code_and_coffee,Code & Coffee GmbH,2023-02-21,138833.43,9932.00,148765.43
code_and_coffee,Code & Coffee GmbH,2023-02-22,137838.47,9932.00,147770.47
code_and_coffee,Code & Coffee GmbH,2023-02-23,138840.47,9932.00,148772.47
code_and_coffee,Code & Coffee GmbH,2023-02-24,139755.47,9932.00,149687.47
code_and_coffee,Code & Coffee GmbH,2023-02-25,140469.47,9932.00,150401.47
code_and_coffee,Code & Coffee GmbH,2023-02-26,141429.47,9932.00,151361.47
code_and_coffee,Code & Coffee GmbH,2023-02-27,142452.47,9932.00,152384.47
code_and_coffee,Code & Coffee GmbH,2023-02-28,143067.47,9932.00,152999.47
code_and_coffee,Code & Coffee GmbH,2023-03-01,139136.47,14554.00,153690.47
code_and_coffee,Code & Coffee GmbH,2023-03-02,139818.47,14554.00,154372.47
code_and_coffee,Code & Coffee GmbH,2023-03-03,140228.47,14554.00,154782.47
code_and_coffee,Code & Coffee GmbH,2023-03-04,141882.86,14554.00,156436.86
code_and_coffee,Code & Coffee GmbH,2023-03-05,142481.86,14554.00,157035.86
code_and_coffee,Code & Coffee GmbH,2023-03-06,143226.86,14554.00,157780.86
code_and_coffee,Code & Coffee GmbH,2023-03-07,144021.86,14554.00,158575.86
code_and_coffee,Code & Coffee GmbH,2023-03-08,142231.12,14554.00,156785.12
code_and_coffee,Code & Coffee GmbH,2023-03-09,142741.12,14554.00,157295.12
code_and_coffee,Code & Coffee GmbH,2023-03-10,143311.12,14554.00,157865.12
code_and_coffee,Code & Coffee GmbH,2023-03-11,144066.12,14554.00,158620.12
code_and_coffee,Code & Coffee GmbH,2023-03-12,144598.12,14554.00,159152.12
code_and_coffee,Code & Coffee GmbH,2023-03-13,144605.12,14554.00,159159.12
code_and_coffee,Code & Coffee GmbH,2023-03-14,145096.12,14554.00,159650.12
code_and_coffee,Code & Coffee GmbH,2023-03-15,141735.82,10429.00,152164.82
code_and_coffee,Code & Coffee GmbH,2023-03-16,141767.82,10429.00,152196.82
code_and_coffee,Code & Coffee GmbH,2023-03-17,141978.82,10429.00,152407.82
code_and_coffee,Code & Coffee GmbH,2023-03-18,142559.82,10429.00,152988.82
code_and_coffee,Code & Coffee GmbH,2023-03-19,142959.82,10429.00,153388.82
code_and_coffee,Code & Coffee GmbH,2023-03-20,143413.82,10429.00,153842.82
code_and_coffee,Code & Coffee GmbH,2023-03-21,144211.82,10429.00,154640.82
code_and_coffee,Code & Coffee GmbH,2023-03-22,143390.66,10429.00,153819.66
code_and_coffee,Code & Coffee GmbH,2023-03-23,143712.66,10429.00,154141.66
code_and_coffee,Code & Coffee GmbH,2023-03-24,144136.66,10429.00,154565.66
code_and_coffee,Code & Coffee GmbH,2023-03-25,144829.66,10429.00,155258.66
code_and_coffee,Code & Coffee GmbH,2023-03-26,145438.66,10429.00,155867.66
code_and_coffee,Code & Coffee GmbH,2023-03-27,146184.66,10429.00,156613.66
code_and_coffee,Code & Coffee GmbH,2023-03-28,146947.66,10429.00,157376.66
code_and_coffee,Code & Coffee GmbH,2023-03-29,147249.66,10429.00,157678.66
code_and_coffee,Code & Coffee GmbH,2023-03-30,148434.04,10429.00,158863.04
code_and_coffee,Code & Coffee GmbH,2023-03-31,150020.54,10429.00,160449.54
code_and_coffee,Code & Coffee GmbH,2023-04-01,146630.54,14368.00,160998.54
code_and_coffee,Code & Coffee GmbH,2023-04-02,147399.54,14368.00,161767.54
code_and_coffee,Code & Coffee GmbH,2023-04-03,148135.54,14368.00,162503.54
code_and_coffee,Code & Coffee GmbH,2023-04-04,148711.54,14368.00,163079.54
code_and_coffee,Code & Coffee GmbH,2023-04-05,149164.54,14368.00,163532.54
code_and_coffee,Code & Coffee GmbH,2023-04-06,149890.54,14368.00,164258.54
code_and_coffee,Code & Coffee GmbH,2023-04-07,150430.54,14368.00,164798.54
code_and_coffee,Code & Coffee GmbH,2023-04-08,148987.69,14368.00,163355.69
code_and_coffee,Code & Coffee GmbH,2023-04-09,149704.69,14368.00,164072.69
code_and_coffee,Code & Coffee GmbH,2023-04-10,150388.69,14368.00,164756.69
code_and_coffee,Code & Coffee GmbH,2023-04-11,151073.69,14368.00,165441.69
code_and_coffee,Code & Coffee GmbH,2023-04-12,151314.69,14368.00,165682.69
code_and_coffee,Code & Coffee GmbH,2023-04-13,151888.69,14368.00,166256.69
code_and_coffee,Code & Coffee GmbH,2023-04-14,152400.69,14368.00,166768.69
code_and_coffee,Code & Coffee GmbH,2023-04-15,148124.89,11154.00,159278.89
code_and_coffee,Code & Coffee GmbH,2023-04-16,148501.89,11154.00,159655.89
code_and_coffee,Code & Coffee GmbH,2023-04-17,148550.89,11154.00,159704.89
code_and_coffee,Code & Coffee GmbH,2023-04-18,149315.89,11154.00,160469.89
code_and_coffee,Code & Coffee GmbH,2023-04-19,149801.89,11154.00,160955.89
code_and_coffee,Code & Coffee GmbH,2023-04-20,150488.89,11154.00,161642.89
code_and_coffee,Code & Coffee GmbH,2023-04-21,151236.89,11154.00,162390.89
code_and_coffee,Code & Coffee GmbH,2023-04-22,150468.33,11154.00,161622.33
code_and_coffee,Code & Coffee GmbH,2023-04-23,150969.33,11154.00,162123.33
code_and_coffee,Code & Coffee GmbH,2023-04-24,151300.33,11154.00,162454.33
code_and_coffee,Code & Coffee GmbH,2023-04-25,151750.33,11154.00,162904.33
code_and_coffee,Code & Coffee GmbH,2023-04-26,152218.33,11154.00,163372.33
code_and_coffee,Code & Coffee GmbH,2023-04-27,153017.33,11154.00,164171.33
code_and_coffee,Code & Coffee GmbH,2023-04-28,153084.33,11154.00,164238.33
code_and_coffee,Code & Coffee GmbH,2023-04-29,153490.33,11154.00,164644.33
code_and_coffee,Code & Coffee GmbH,2023-04-30,154050.33,11154.00,165204.33
code_and_coffee,Code & Coffee GmbH,2023-05-01,149080.33,16535.00,165615.33
code_and_coffee,Code & Coffee GmbH,2023-05-02,149667.33,16535.00,166202.33
code_and_coffee,Code & Coffee GmbH,2023-05-03,150451.33,16535.00,166986.33
code_and_coffee,Code & Coffee GmbH,2023-05-04,150861.33,16535.00,167396.33
code_and_coffee,Code & Coffee GmbH,2023-05-05,152510.86,16535.00,169045.86
code_and_coffee,Code & Coffee GmbH,2023-05-06,153028.86,16535.00,169563.86
code_and_coffee,Code & Coffee GmbH,2023-05-07,153688.86,16535.00,170223.86
code_and_coffee,Code & Coffee GmbH,2023-05-08,152176.78,16535.00,168711.78
code_and_coffee,Code & Coffee GmbH,2023-05-09,152801.78,16535.00,169336.78
code_and_coffee,Code & Coffee GmbH,2023-05-10,153555.78,16535.00,170090.78
code_and_coffee,Code & Coffee GmbH,2023-05-11,154296.78,16535.00,170831.78
code_and_coffee,Code & Coffee GmbH,2023-05-12,154776.78,16535.00,171311.78
code_and_coffee,Code & Coffee GmbH,2023-05-13,155295.78,16535.00,171830.78
code_and_coffee,Code & Coffee GmbH,2023-05-14,155909.78,16535.00,172444.78
code_and_coffee,Code & Coffee GmbH,2023-05-15,153402.84,11355.00,164757.84
code_and_coffee,Code & Coffee GmbH,2023-05-16,154010.84,11355.00,165365.84
code_and_coffee,Code & Coffee GmbH,2023-05-17,154449.84,11355.00,165804.84
code_and_coffee,Code & Coffee GmbH,2023-05-18,155129.84,11355.00,166484.84
code_and_coffee,Code & Coffee GmbH,2023-05-19,155774.84,11355.00,167129.84
code_and_coffee,Code & Coffee GmbH,2023-05-20,156049.84,11355.00,167404.84
code_and_coffee,Code & Coffee GmbH,2023-05-21,156546.84,11355.00,167901.84
code_and_coffee,Code & Coffee GmbH,2023-05-22,156333.80,11355.00,167688.80
code_and_coffee,Code & Coffee GmbH,2023-05-23,156405.80,11355.00,167760.80
code_and_coffee,Code & Coffee GmbH,2023-05-24,156838.80,11355.00,168193.80
code_and_coffee,Code & Coffee GmbH,2023-05-25,157390.80,11355.00,168745.80
code_and_coffee,Code & Coffee GmbH,2023-05-26,157865.80,11355.00,169220.80
code_and_coffee,Code & Coffee GmbH,2023-05-27,160049.57,11355.00,171404.57
code_and_coffee,Code & Coffee GmbH,2023-05-28,160735.57,11355.00,172090.57
code_and_coffee,Code & Coffee GmbH,2023-05-29,160840.57,11355.00,172195.57
code_and_coffee,Code & Coffee GmbH,2023-05-30,161476.57,11355.00,172831.57
code_and_coffee,Code & Coffee GmbH,2023-05-31,162269.57,11355.00,173624.57
code_and_coffee,Code & Coffee GmbH,2023-06-01,159484.57,14729.00,174213.57
code_and_coffee,Code & Coffee GmbH,2023-06-02,159947.57,14729.00,174676.57
code_and_coffee,Code & Coffee GmbH,2023-06-03,160656.57,14729.00,175385.57
code_and_coffee,Code & Coffee GmbH,2023-06-04,160892.57,14729.00,175621.57
code_and_coffee,Code & Coffee GmbH,2023-06-05,161320.57,14729.00,176049.57
code_and_coffee,Code & Coffee GmbH,2023-06-06,162015.57,14729.00,176744.57
code_and_coffee,Code & Coffee GmbH,2023-06-07,162578.57,14729.00,177307.57
code_and_coffee,Code & Coffee GmbH,2023-06-08,161167.70,14729.00,175896.70
code_and_coffee,Code & Coffee GmbH,2023-06-09,161876.70,14729.00,176605.70
code_and_coffee,Code & Coffee GmbH,2023-06-10,162386.70,14729.00,177115.70
code_and_coffee,Code & Coffee GmbH,2023-06-11,162854.70,14729.00,177583.70
code_and_coffee,Code & Coffee GmbH,2023-06-12,143756.70,14729.00,158485.70
code_and_coffee,Code & Coffee GmbH,2023-06-13,144382.70,14729.00,159111.70
code_and_coffee,Code & Coffee GmbH,2023-06-14,145118.70,14729.00,159847.70
code_and_coffee,Code & Coffee GmbH,2023-06-15,140423.33,11847.00,152270.33
code_and_coffee,Code & Coffee GmbH,2023-06-16,140779.33,11847.00,152626.33
code_and_coffee,Code & Coffee GmbH,2023-06-17,141395.33,11847.00,153242.33
code_and_coffee,Code & Coffee GmbH,2023-06-18,141898.33,11847.00,153745.33
code_and_coffee,Code & Coffee GmbH,2023-06-19,142008.33,11847.00,153855.33
code_and_coffee,Code & Coffee GmbH,2023-06-20,141629.33,11847.00,153476.33
code_and_coffee,Code & Coffee GmbH,2023-06-21,142130.33,11847.00,153977.33
code_and_coffee,Code & Coffee GmbH,2023-06-22,141401.08,11847.00,153248.08
code_and_coffee,Code & Coffee GmbH,2023-06-23,141676.08,11847.00,153523.08
code_and_coffee,Code & Coffee GmbH,2023-06-24,142386.08,11847.00,154233.08
code_and_coffee,Code & Coffee GmbH,2023-06-25,142797.08,11847.00,154644.08
code_and_coffee,Code & Coffee GmbH,2023-06-26,143412.08,11847.00,155259.08
code_and_coffee,Code & Coffee GmbH,2023-06-27,143960.08,11847.00,155807.08
code_and_coffee,Code & Coffee GmbH,2023-06-28,144733.08,11847.00,156580.08
code_and_coffee,Code & Coffee GmbH,2023-06-29,145332.08,11847.00,157179.08
code_and_coffee,Code & Coffee GmbH,2023-06-30,145820.08,11847.00,157667.08
code_and_coffee,Code & Coffee GmbH,2023-07-01,140494.08,17731.00,158225.08
code_and_coffee,Code & Coffee GmbH,2023-07-02,141358.08,17731.00,159089.08
code_and_coffee,Code & Coffee GmbH,2023-07-03,141593.08,17731.00,159324.08
code_and_coffee,Code & Coffee GmbH,2023-07-04,142291.08,17731.00,160022.08
code_and_coffee,Code & Coffee GmbH,2023-07-05,143072.08,17731.00,160803.08
code_and_coffee,Code & Coffee GmbH,2023-07-06,143821.08,17731.00,161552.08
code_and_coffee,Code & Coffee GmbH,2023-07-07,144655.08,17731.00,162386.08
code_and_coffee,Code & Coffee GmbH,2023-07-08,140664.08,17731.00,158395.08
code_and_coffee,Code & Coffee GmbH,2023-07-09,138758.84,17731.00,156489.84
code_and_coffee,Code & Coffee GmbH,2023-07-10,139339.84,17731.00,157070.84
code_and_coffee,Code & Coffee GmbH,2023-07-11,140210.84,17731.00,157941.84
code_and_coffee,Code & Coffee GmbH,2023-07-12,141111.84,17731.00,158842.84
code_and_coffee,Code & Coffee GmbH,2023-07-13,141455.84,17731.00,159186.84
code_and_coffee,Code & Coffee GmbH,2023-07-14,141865.84,17731.00,159596.84
code_and_coffee,Code & Coffee GmbH,2023-07-15,139384.15,12599.00,151983.15
code_and_coffee,Code & Coffee GmbH,2023-07-16,140357.15,12599.00,152956.15
code_and_coffee,Code & Coffee GmbH,2023-07-17,141220.15,12599.00,153819.15
code_and_coffee,Code & Coffee GmbH,2023-07-18,142095.15,12599.00,154694.15
code_and_coffee,Code & Coffee GmbH,2023-07-19,142943.15,12599.00,155542.15
code_and_coffee,Code & Coffee GmbH,2023-07-20,142789.15,12599.00,155388.15
code_and_coffee,Code & Coffee GmbH,2023-07-21,143304.15,12599.00,155903.15
code_and_coffee,Code & Coffee GmbH,2023-07-22,142098.32,12599.00,154697.32
code_and_coffee,Code & Coffee GmbH,2023-07-23,142908.32,12599.00,155507.32
code_and_coffee,Code & Coffee GmbH,2023-07-24,142379.32,12599.00,154978.32
code_and_coffee,Code & Coffee GmbH,2023-07-25,143019.32,12599.00,155618.32
code_and_coffee,Code & Coffee GmbH,2023-07-26,143614.32,12599.00,156213.32
code_and_coffee,Code & Coffee GmbH,2023-07-27,144024.32,12599.00,156623.32
code_and_coffee,Code & Coffee GmbH,2023-07-28,144665.32,12599.00,157264.32
code_and_coffee,Code & Coffee GmbH,2023-07-29,145436.32,12599.00,158035.32
code_and_coffee,Code & Coffee GmbH,2023-07-30,146174.32,12599.00,158773.32
code_and_coffee,Code & Coffee GmbH,2023-07-31,147087.32,12599.00,159686.32
code_and_coffee,Code & Coffee GmbH,2023-08-01,142580.32,17964.00,160544.32
code_and_coffee,Code & Coffee GmbH,2023-08-02,143144.32,17964.00,161108.32
code_and_coffee,Code & Coffee GmbH,2023-08-03,143646.32,17964.00,161610.32
code_and_coffee,Code & Coffee GmbH,2023-08-04,144521.32,17964.00,162485.32
code_and_coffee,Code & Coffee GmbH,2023-08-05,145344.32,17964.00,163308.32
code_and_coffee,Code & Coffee GmbH,2023-08-06,145844.32,17964.00,163808.32
code_and_coffee,Code & Coffee GmbH,2023-08-07,146339.32,17964.00,164303.32
code_and_coffee,Code & Coffee GmbH,2023-08-08,144439.26,17964.00,162403.26
code_and_coffee,Code & Coffee GmbH,2023-08-09,145078.26,17964.00,163042.26
code_and_coffee,Code & Coffee GmbH,2023-08-10,145870.26,17964.00,163834.26
code_and_coffee,Code & Coffee GmbH,2023-08-11,146796.26,17964.00,164760.26
code_and_coffee,Code & Coffee GmbH,2023-08-12,147590.26,17964.00,165554.26
code_and_coffee,Code & Coffee GmbH,2023-08-13,148391.26,17964.00,166355.26
code_and_coffee,Code & Coffee GmbH,2023-08-14,148952.26,17964.00,166916.26
code_and_coffee,Code & Coffee GmbH,2023-08-15,145825.01,13300.00,159125.01
code_and_coffee,Code & Coffee GmbH,2023-08-16,146584.01,13300.00,159884.01
code_and_coffee,Code & Coffee GmbH,2023-08-17,147231.01,13300.00,160531.01
code_and_coffee,Code & Coffee GmbH,2023-08-18,148040.01,13300.00,161340.01
code_and_coffee,Code & Coffee GmbH,2023-08-19,148826.01,13300.00,162126.01
code_and_coffee,Code & Coffee GmbH,2023-08-20,148538.01,13300.00,161838.01
code_and_coffee,Code & Coffee GmbH,2023-08-21,149278.01,13300.00,162578.01
code_and_coffee,Code & Coffee GmbH,2023-08-22,149023.83,13300.00,162323.83
code_and_coffee,Code & Coffee GmbH,2023-08-23,152493.14,13300.00,165793.14
code_and_coffee,Code & Coffee GmbH,2023-08-24,153207.14,13300.00,166507.14
code_and_coffee,Code & Coffee GmbH,2023-08-25,153805.14,13300.00,167105.14
code_and_coffee,Code & Coffee GmbH,2023-08-26,154268.14,13300.00,167568.14
code_and_coffee,Code & Coffee GmbH,2023-08-27,154829.14,13300.00,168129.14
code_and_coffee,Code & Coffee GmbH,2023-08-28,155331.14,13300.00,168631.14
code_and_coffee,Code & Coffee GmbH,2023-08-29,156316.14,13300.00,169616.14
code_and_coffee,Code & Coffee GmbH,2023-08-30,157196.14,13300.00,170496.14
code_and_coffee,Code & Coffee GmbH,2023-08-31,158024.14,13300.00,171324.14
code_and_coffee,Code & Coffee GmbH,2023-09-01,154025.14,18151.00,172176.14
code_and_coffee,Code & Coffee GmbH,2023-09-02,154611.14,18151.00,172762.14
code_and_coffee,Code & Coffee GmbH,2023-09-03,155719.14,18151.00,173870.14
code_and_coffee,Code & Coffee GmbH,2023-09-04,156588.14,18151.00,174739.14
code_and_coffee,Code & Coffee GmbH,2023-09-05,157327.14,18151.00,175478.14
code_and_coffee,Code & Coffee GmbH,2023-09-06,158198.14,18151.00,176349.14
code_and_coffee,Code & Coffee GmbH,2023-09-07,159150.14,18151.00,177301.14
code_and_coffee,Code & Coffee GmbH,2023-09-08,156905.63,18151.00,175056.63
code_and_coffee,Code & Coffee GmbH,2023-09-09,158057.63,18151.00,176208.63
code_and_coffee,Code & Coffee GmbH,2023-09-10,158870.63,18151.00,177021.63
code_and_coffee,Code & Coffee GmbH,2023-09-11,159307.63,18151.00,177458.63
code_and_coffee,Code & Coffee GmbH,2023-09-12,160121.63,18151.00,178272.63
code_and_coffee,Code & Coffee GmbH,2023-09-13,160876.63,18151.00,179027.63
code_and_coffee,Code & Coffee GmbH,2023-09-14,161615.63,18151.00,179766.63
code_and_coffee,Code & Coffee GmbH,2023-09-15,158139.57,13880.00,172019.57
code_and_coffee,Code & Coffee GmbH,2023-09-16,159054.57,13880.00,172934.57
code_and_coffee,Code & Coffee GmbH,2023-09-17,166480.41,13880.00,180360.41
code_and_coffee,Code & Coffee GmbH,2023-09-18,167238.41,13880.00,181118.41
code_and_coffee,Code & Coffee GmbH,2023-09-19,168106.41,13880.00,181986.41
code_and_coffee,Code & Coffee GmbH,2023-09-20,168850.41,13880.00,182730.41
code_and_coffee,Code & Coffee GmbH,2023-09-21,169465.41,13880.00,183345.41
code_and_coffee,Code & Coffee GmbH,2023-09-22,168091.73,13880.00,181971.73
code_and_coffee,Code & Coffee GmbH,2023-09-23,168835.73,13880.00,182715.73
code_and_coffee,Code & Coffee GmbH,2023-09-24,170033.73,13880.00,183913.73
code_and_coffee,Code & Coffee GmbH,2023-09-25,170696.73,13880.00,184576.73
code_and_coffee,Code & Coffee GmbH,2023-09-26,171553.73,13880.00,185433.73
code_and_coffee,Code & Coffee GmbH,2023-09-27,172334.73,13880.00,186214.73
code_and_coffee,Code & Coffee GmbH,2023-09-28,173239.73,13880.00,187119.73
code_and_coffee,Code & Coffee GmbH,2023-09-29,174395.63,13880.00,188275.63
code_and_coffee,Code & Coffee GmbH,2023-09-30,175140.63,13880.00,189020.63
code_and_coffee,Code & Coffee GmbH,2023-10-01,171426.63,18526.00,189952.63
code_and_coffee,Code & Coffee GmbH,2023-10-02,172756.07,18526.00,191282.07
code_and_coffee,Code & Coffee GmbH,2023-10-03,173903.07,18526.00,192429.07
code_and_coffee,Code & Coffee GmbH,2023-10-04,174592.07,18526.00,193118.07
code_and_coffee,Code & Coffee GmbH,2023-10-05,175515.07,18526.00,194041.07
code_and_coffee,Code & Coffee GmbH,2023-10-06,176626.07,18526.00,195152.07
code_and_coffee,Code & Coffee GmbH,2023-10-07,177547.07,18526.00,196073.07
code_and_coffee,Code & Coffee GmbH,2023-10-08,175093.50,18526.00,193619.50
code_and_coffee,Code & Coffee GmbH,2023-10-09,176144.50,18526.00,194670.50
code_and_coffee,Code & Coffee GmbH,2023-10-10,177167.50,18526.00,195693.50
code_and_coffee,Code & Coffee GmbH,2023-10-11,177883.50,18526.00,196409.50
code_and_coffee,Code & Coffee GmbH,2023-10-12,178983.50,18526.00,197509.50
code_and_coffee,Code & Coffee GmbH,2023-10-13,179656.50,18526.00,198182.50
code_and_coffee,Code & Coffee GmbH,2023-10-14,181296.65,18526.00,199822.65
code_and_coffee,Code & Coffee GmbH,2023-10-15,177700.78,14093.00,191793.78
code_and_coffee,Code & Coffee GmbH,2023-10-16,177887.78,14093.00,191980.78
code_and_coffee,Code & Coffee GmbH,2023-10-17,178813.78,14093.00,192906.78
code_and_coffee,Code & Coffee GmbH,2023-10-18,179478.78,14093.00,193571.78
code_and_coffee,Code & Coffee GmbH,2023-10-19,180311.78,14093.00,194404.78
code_and_coffee,Code & Coffee GmbH,2023-10-20,181426.78,14093.00,195519.78
code_and_coffee,Code & Coffee GmbH,2023-10-21,181858.78,14093.00,195951.78
code_and_coffee,Code & Coffee GmbH,2023-10-22,180274.73,14093.00,194367.73
code_and_coffee,Code & Coffee GmbH,2023-10-23,181960.69,14093.00,196053.69
code_and_coffee,Code & Coffee GmbH,2023-10-24,184536.18,14093.00,198629.18
code_and_coffee,Code & Coffee GmbH,2023-10-25,185392.18,14093.00,199485.18
code_and_coffee,Code & Coffee GmbH,2023-10-26,186196.18,14093.00,200289.18
code_and_coffee,Code & Coffee GmbH,2023-10-27,186922.18,14093.00,201015.18
code_and_coffee,Code & Coffee GmbH,2023-10-28,187812.18,14093.00,201905.18
code_and_coffee,Code & Coffee GmbH,2023-10-29,188532.18,14093.00,202625.18
code_and_coffee,Code & Coffee GmbH,2023-10-30,188983.18,14093.00,203076.18
code_and_coffee,Code & Coffee GmbH,2023-10-31,189944.18,14093.00,204037.18
code_and_coffee,Code & Coffee GmbH,2023-11-01,187593.18,17596.00,205189.18
code_and_coffee,Code & Coffee GmbH,2023-11-02,188549.18,17596.00,206145.18
code_and_coffee,Code & Coffee GmbH,2023-11-03,189670.18,17596.00,207266.18
code_and_coffee,Code & Coffee GmbH,2023-11-04,194489.58,17596.00,212085.58
code_and_coffee,Code & Coffee GmbH,2023-11-05,195685.58,17596.00,213281.58
code_and_coffee,Code & Coffee GmbH,2023-11-06,196396.58,17596.00,213992.58
code_and_coffee,Code & Coffee GmbH,2023-11-07,197587.58,17596.00,215183.58
code_and_coffee,Code & Coffee GmbH,2023-11-08,194702.08,17596.00,212298.08
code_and_coffee,Code & Coffee GmbH,2023-11-09,195584.08,17596.00,213180.08
code_and_coffee,Code & Coffee GmbH,2023-11-10,196335.08,17596.00,213931.08
code_and_coffee,Code & Coffee GmbH,2023-11-11,198998.78,17596.00,216594.78
code_and_coffee,Code & Coffee GmbH,2023-11-12,200075.78,17596.00,217671.78
code_and_coffee,Code & Coffee GmbH,2023-11-13,200112.78,17596.00,217708.78
code_and_coffee,Code & Coffee GmbH,2023-11-14,200661.78,17596.00,218257.78
code_and_coffee,Code & Coffee GmbH,2023-11-15,195797.95,14523.00,210320.95
code_and_coffee,Code & Coffee GmbH,2023-11-16,196662.95,14523.00,211185.95
code_and_coffee,Code & Coffee GmbH,2023-11-17,197589.95,14523.00,212112.95
code_and_coffee,Code & Coffee GmbH,2023-11-18,198632.95,14523.00,213155.95
code_and_coffee,Code & Coffee GmbH,2023-11-19,199395.95,14523.00,213918.95
code_and_coffee,Code & Coffee GmbH,2023-11-20,199389.95,14523.00,213912.95
code_and_coffee,Code & Coffee GmbH,2023-11-21,200566.95,14523.00,215089.95
code_and_coffee,Code & Coffee GmbH,2023-11-22,200257.62,14523.00,214780.62
code_and_coffee,Code & Coffee GmbH,2023-11-23,201122.62,14523.00,215645.62
code_and_coffee,Code & Coffee GmbH,2023-11-24,202468.22,14523.00,216991.22
code_and_coffee,Code & Coffee GmbH,2023-11-25,203269.22,14523.00,217792.22
code_and_coffee,Code & Coffee GmbH,2023-11-26,204235.22,14523.00,218758.22
code_and_coffee,Code & Coffee GmbH,2023-11-27,204847.22,14523.00,219370.22
code_and_coffee,Code & Coffee GmbH,2023-11-28,205413.22,14523.00,219936.22
code_and_coffee,Code & Coffee GmbH,2023-11-29,206260.22,14523.00,220783.22
code_and_coffee,Code & Coffee GmbH,2023-11-30,206931.22,14523.00,221454.22
code_and_coffee,Code & Coffee GmbH,2023-12-01,202671.22,19531.00,222202.22
code_and_coffee,Code & Coffee GmbH,2023-12-02,203524.22,19531.00,223055.22
code_and_coffee,Code & Coffee GmbH,2023-12-03,204417.22,19531.00,223948.22
code_and_coffee,Code & Coffee GmbH,2023-12-04,205808.73,19531.00,225339.73
code_and_coffee,Code & Coffee GmbH,2023-12-05,207005.73,19531.00,226536.73
code_and_coffee,Code & Coffee GmbH,2023-12-06,207406.73,19531.00,226937.73
code_and_coffee,Code & Coffee GmbH,2023-12-07,208704.17,19531.00,228235.17
code_and_coffee,Code & Coffee GmbH,2023-12-08,206383.84,19531.00,225914.84
code_and_coffee,Code & Coffee GmbH,2023-12-09,207015.84,19531.00,226546.84
code_and_coffee,Code & Coffee GmbH,2023-12-10,207918.84,19531.00,227449.84
code_and_coffee,Code & Coffee GmbH,2023-12-11,208795.84,19531.00,228326.84
code_and_coffee,Code & Coffee GmbH,2023-12-12,209578.84,19531.00,229109.84
code_and_coffee,Code & Coffee GmbH,2023-12-13,210528.84,19531.00,230059.84
code_and_coffee,Code & Coffee GmbH,2023-12-14,211686.84,19531.00,231217.84
code_and_coffee,Code & Coffee GmbH,2023-12-15,208730.77,14806.00,223536.77
code_and_coffee,Code & Coffee GmbH,2023-12-16,209451.77,14806.00,224257.77
code_and_coffee,Code & Coffee GmbH,2023-12-17,209866.77,14806.00,224672.77
code_and_coffee,Code & Coffee GmbH,2023-12-18,210468.77,14806.00,225274.77
code_and_coffee,Code & Coffee GmbH,2023-12-19,211564.77,14806.00,226370.77
code_and_coffee,Code & Coffee GmbH,2023-12-20,212506.77,14806.00,227312.77
code_and_coffee,Code & Coffee GmbH,2023-12-21,213260.77,14806.00,228066.77
code_and_coffee,Code & Coffee GmbH,2023-12-22,211641.89,14806.00,226447.89
code_and_coffee,Code & Coffee GmbH,2023-12-23,212124.89,14806.00,226930.89
code_and_coffee,Code & Coffee GmbH,2023-12-24,213277.89,14806.00,228083.89
code_and_coffee,Code & Coffee GmbH,2023-12-25,214126.89,14806.00,228932.89
code_and_coffee,Code & Coffee GmbH,2023-12-26,215137.89,14806.00,229943.89
code_and_coffee,Code & Coffee GmbH,2023-12-27,215625.89,14806.00,230431.89
code_and_coffee,Code & Coffee GmbH,2023-12-28,216463.89,14806.00,231269.89
code_and_coffee,Code & Coffee GmbH,2023-12-29,217553.89,14806.00,232359.89
code_and_coffee,Code & Coffee GmbH,2023-12-30,218602.89,14806.00,233408.89
code_and_coffee,Code & Coffee GmbH,2023-12-31,219743.89,14806.00,234549.89
